Workbook

Sheet 仿真
A1: 序号 | B1: 语料 | C1: 字符长度 | D1: url | E1: 时间 | F1: 地点 | G1: 食品名称 | H1: 涉及企业 | I1: 卫生状况
A2: 1 | B2: 2022年08月29日，在杭州市滨江区，锦绣前程大酒店生产的剁椒拌饭被发现环境卫生不整洁_操作台脏乱_物品摆放混乱无序_垃圾桶未加盖。 | C2: 67 | D2: http://xiuyingmin.com/ | E2: 2022年08月29日 | F2: 杭州市滨江区 | G2: 剁椒拌饭 | H2: 锦绣前程大酒店 | I2: 环境卫生不整洁_操作台脏乱_物品摆放混乱无序_垃圾桶未加盖
A3: 2 | B3: 2023年03月16日，在瓜州县，钱李养殖场生产的藏式腊八粥被发现烂纸箱装塑料杯和塑封贴_发黑发软的水果_有蝇虫。 | C3: 57 | D3: http://tao.cn/ | E3: 2023年03月16日 | F3: 瓜州县 | G3: 藏式腊八粥 | H3: 钱李养殖场 | I3: 烂纸箱装塑料杯和塑封贴_发黑发软的水果_有蝇虫
A4: 3 | B4: 2022年12月11日，在台州市界牌菜场，谷酒小作坊生产的鸡腿_生肉被发现后厨加工场所卫生差_油污积渍重。 | C4: 53 | D4: https://yanghan.cn/ | E4: 2022年12月11日 | F4: 台州市界牌菜场 | G4: 鸡腿_生肉 | H4: 谷酒小作坊 | I4: 后厨加工场所卫生差_油污积渍重
A5: 4 | B5: 2022年02月22日，在钤山西路，燕子坪餐饮店生产的麻辣烫被发现后厨卫生脏乱差。 | C5: 41 | D5: http://www.chaoxia.cn/ | E5: 2022年02月22日 | F5: 钤山西路 | G5: 麻辣烫 | H5: 燕子坪餐饮店 | I5: 后厨卫生脏乱差
A6: 5 | B6: 2022年03月19日，在江苏江阴，江左尚白餐饮有限公司生产的牛肉面被发现后厨环境卫生较差_油污严重_垃圾桶未加盖。 | C6: 58 | D6: https://minxiuying.com/ | E6: 2022年03月19日 | F6: 江苏江阴 | G6: 牛肉面 | H6: 江左尚白餐饮有限公司 | I6: 后厨环境卫生较差_油污严重_垃圾桶未加盖
A7: 6 | B7: 2020年03月16日，在凤冈县天桥镇，沙县营养小吃生产的沙丁鱼被发现后厨卫生太差_物品乱摆乱放。 | C7: 49 | D7: http://www.panwei.cn/ | E7: 2020年03月16日 | F7: 凤冈县天桥镇 | G7: 沙丁鱼 | H7: 沙县营养小吃 | I7: 后厨卫生太差_物品乱摆乱放
A8: 7 | B8: 2022年01月20日，在南涧镇中兴路，景东回族牛肉馆生产的汉堡被发现餐用具摆放混乱_后厨油污严重。 | C8: 50 | D8: http://68.cn/ | E8: 2022年01月20日 | F8: 南涧镇中兴路 | G8: 汉堡 | H8: 景东回族牛肉馆 | I8: 餐用具摆放混乱_后厨油污严重
A9: 8 | B9: 2021年11月27日，在萧山区城厢街道，阿彪排档生产的蟹_土豆_猪蹄和牛骨_鸡爪被发现裱花专间堆放大量外包装等杂物_地面、橱柜，冷藏柜存在大量霉斑_冰柜内半成品原料未密闭存放。 | C9: 89 | D9: https://ol.cn/ | E9: 2021年11月27日 | F9: 萧山区城厢街道 | G9: 蟹_土豆_猪蹄和牛骨_鸡爪 | H9: 阿彪排档 | I9: 裱花专间堆放大量外包装等杂物_地面、橱柜，冷藏柜存在大量霉斑_冰柜内半成品原料未密闭存放
A10: 9 | B10: 2021年02月10日，在铁岭街35号，七里香小吃店生产的凉菜被发现厨房整体脏乱_消毒柜未规范使用_操作台物品摆放杂乱_烹饪区油污严重。 | C10: 68 | D10: http://www.qiangguiying.cn/ | E10: 2021年02月10日 | F10: 铁岭街35号 | G10: 凉菜 | H10: 七里香小吃店 | I10: 厨房整体脏乱_消毒柜未规范使用_操作台物品摆放杂乱_烹饪区油污严重
A11: 10 | B11: 2020年08月30日，在河北省龙堌镇，玖玖玖豆花面生产的奶茶被发现食材未离地离墙摆放。 | C11: 44 | D11: https://guiying.cn/ | E11: 2020年08月30日 | F11: 河北省龙堌镇 | G11: 奶茶 | H11: 玖玖玖豆花面 | I11: 食材未离地离墙摆放
A12: 11 | B12: 2023年08月01日，在弥渡县，正新鸡排生产的干锅被发现后厨三防设施不到位_冰柜内未及时除霜、食材裸露存放。 | C12: 55 | D12: http://www.pl.cn/ | E12: 2023年08月01日 | F12: 弥渡县 | G12: 干锅 | H12: 正新鸡排 | I12: 后厨三防设施不到位_冰柜内未及时除霜、食材裸露存放
A13: 12 | B13: 2020年01月25日，在黄石港区，龙港市小剑饭店生产的叉烧饭被发现食品与有毒有害物质混放_食品未离地离墙。 | C13: 54 | D13: https://www.gp.cn/ | E13: 2020年01月25日 | F13: 黄石港区 | G13: 叉烧饭 | H13: 龙港市小剑饭店 | I13: 食品与有毒有害物质混放_食品未离地离墙
... A601: 600 | B601: 2023年11月27日，在浙江省平湖市广中北路，蜗牛花甲生产的炒虾被发现环境卫生脏乱差_苍蝇蚊虫横飞_房梁角落大量蜘蛛网。 | C601: 61 | D601: http://www.deng.cn/ | E601: 2023年11月27日 | F601: 浙江省平湖市广中北路 | G601: 炒虾 | H601: 蜗牛花甲 | I601: 环境卫生脏乱差_苍蝇蚊虫横飞_房梁角落大量蜘蛛网

Sheet Sheet1
A1: 序号 | B1: 语料 | C1: 字符长度 | D1: url | E1: 时间 | F1: 地点 | G1: 食品名称 | H1: 涉及企业 | I1: 卫生状况
A2: 1 | B2: 5月11日，江西省宜春市一名大货车司机在宜丰县海峰食品厂拉货，发现该厂卤蛋生产车间卫生堪忧，生存作坊又脏又乱，还养鸡、鸭、鹅到处跑，生产车间一股恶臭， | C2: 75 | D2: https://www.toutiao.com/article/7231834493609787956/?channel=&source=news | E2: 5月11日 | F2: 江西省宜春市 | G2: 卤蛋 | H2: 宜丰县海峰食品厂 | I2: 又脏又乱_鸡、鸭、鹅到处跑_恶臭
A3: 2 | B3: 7月17日，有博主曝光了一则华莱士后厨的卧底视频，工作人员徒手制作炸鸡、汉堡；鸡块掉在地上放回锅里重新炸；清洗抽烟烟机，洗剂直接滴进油锅里滋滋作响。 | C3: =LEN(B3) -> 74 | D3: https://baijiahao.baidu.com/s?id=1705766714671444434&wfr=spider&for=pc | E3: 7月11日 | G3: 炸鸡、汉堡_鸡块 | H3: 华莱士 | I3: 徒手制作炸鸡、汉堡_鸡块掉在地上_洗剂直接滴进油锅里
A4: 3 | B4: 盘点华莱士出过的丑闻。 早在2019年“315”的时候，就有媒体曝光过华莱士后厨的“脏乱差”。比如，鸡翅掉在地上继续卖；蟑螂遍地跑 汉堡过期继续卖； | C4: =LEN(B4) -> 74 | D4: https://baijiahao.baidu.com/s?id=1705766714671444434&wfr=spider&for=pc | E4: 2019年3月15日 | G4: 鸡翅_汉堡 | H4: 华莱士 | I4: 鸡翅掉在地上继续卖_蟑螂遍地跑_汉堡过期继续卖
A5: 4 | B5: 8月17日，福州市的市场监管人员突击检查了一家名为“叫了只炸鸡”的网红炸鸡店 到处都是遍地随意堆放的食材，没有清理的蜘蛛网，甚至在不少地方还见到了老鼠粪便。 | C5: =LEN(B5) -> 80 | D5: https://baijiahao.baidu.com/s?id=1708430547324620744&wfr=spider&for=pc | E5: 8月17日 | F5: 福州市 | G5: 炸鸡 | H5: 叫了只炸鸡 | I5: 随意堆放食材_没有清理的蜘蛛网_老鼠粪便
A6: 5 | B6: 7月29日，记者发布了杨国福麻辣烫存在卫生问题的视频。你很难想象老鼠、蟑螂混住的地方，会是杨国福的后厨！你吃的芝麻酱是老鼠吃过的；你吃的蔬菜，是刷鞋池里洗的。 | C6: =LEN(B6) -> 79 | D6: https://weibo.com/2328665481/Kr0tTaTJA | E6: 7月29日 | G6: 麻辣烫 | H6: 杨国福 | I6: 老鼠、蟑螂混住_芝麻酱老鼠吃过_刷鞋池里洗蔬菜
A7: 6 | B7: 1月26日晚，夏老板请公司员工吃年夜饭。 一位员工吃到了鸡大便。把炸鸡掰开，一大截鸡大便从鸡腰处直到鸡肛门。他当即带着员工来到位于临平的沃尔玛超市讨说法。 | C7: =LEN(B7) -> 79 | D7: http://www.linkshop.com/web/Article_news.aspx?ArticleId=153405 | E7: 1月26日 | F7: 临平 | G7: 炸鸡 | H7: 沃尔玛 | I7: 鸡大便
A8: 7 | B8: 2022年1月20日四川省眉山市市场监管局对一家名为“叫了个炸鸡”的外卖店开展检查。该店存在用垃圾袋装食品、用生锈的剪刀剪鸡腿、生肉不覆膜放冰柜等违规行为。 | C8: =LEN(B8) -> 78 | D8: https://m.thepaper.cn/baijiahao_16402940 | E8: 2022年1月20日 | F8: 四川省眉州市 | G8: 鸡腿_生肉 | H8: 叫了个炸鸡 | I8: 垃圾袋装食品_生锈的剪刀剪鸡腿_生肉不覆膜放冰柜
A9: 8 | B9: 锅三侠麻辣香锅，位于杭州市余杭区海创科技园地下美食城，是今年10月1日新开业的，后厨的环境很差，白菜花菜等菜品从来不洗，油反复用，米饭吃不完第二天继续给客人吃。 | C9: =LEN(B9) -> 80 | D9: https://baijiahao.baidu.com/s?id=1717934950067151163&wfr=spider&for=pc | E9: 10月1日 | F9: 杭州市余杭区 | G9: 麻辣香锅 | H9: 锅三侠 | I9: 后厨的环境差_菜品从来不洗_油反复用_米饭第二天继续给客人吃
A10: 9 | B10: 1月31日，在南通市区狼山便民疏导点里的一家麻辣香锅店卫生堪忧。店内共有两人配菜、烹煮、打包都挤在一间屋子里。由于没有通风口，里面臭气熏天。 | C10: =LEN(B10) -> 70 | D10: https://m.163.com/dy/article/D9GDRKDN0514EGPO.html | E10: 1月31日 | F10: 南通市 | G10: 麻辣香锅 | I10: 臭气熏天
A11: 10 | B11: 4月23日讯，执法人员对铁岭街35号的金城烧烤店进行了检查，后厨在案板上放着客人吃剩下的麻辣汤料、肉串等。满是污泥的地面上放置着大量没有经过刷洗的竹签子。 | C11: =LEN(B11) -> 77 | D11: https://heilongjiang.dbw.cn/system/2013/04/23/054724366.shtml | E11: 2018年4月23日 | F11: 铁岭街35号 | G11: 烧烤 | H11: 金城烧烤店 | I11: 案板上放着客人吃剩下的麻辣汤料、肉串_地面污泥_放置没有经过刷洗的竹签子
A12: 11 | B12: 2019年，徐州新沂市,一家"凯瑞麻辣香锅"，加工麻辣香锅的后厨环境脏乱不堪：墙壁黢黑、灶台油腻、各类食材随意堆放，天花板上还挂满了蜘蛛网。 | C12: =LEN(B12) -> 71 | D12: http://news.jstv.com/a/20190516/1558054956308.shtml | E12: 2019年 | F12: 徐州新沂市 | G12: 麻辣香锅 | H12: 凯瑞麻辣香锅 | I12: 后厨环境脏乱_墙壁黢黑_灶台油腻_食材随意堆放_天花板挂满了蜘蛛网
A13: 12 | B13: 2016年4月22日，无锡市“杨铭宇”黄焖鸡，用的是口感不佳的进口冻肉，加工地点在偏僻的废弃工厂。现场脏乱不堪，工人没有佩戴任何隔离工具，砧板已发霉。 | C13: =LEN(B13) -> 75 | D13: https://mp.weixin.qq.com/s?__biz=MzA4MzcyMTQ5Nw==&mid=2653693376&idx=3&sn=66ce67ec940158ed26d4a5445b9bdbc5&chksm=842aa9b6b35d20a0b760739c6c602af7d7de2776946dd33a837a207313ea91ebb706b738d847&scene=27 | E13: 2016年4月22日 | F13: 无锡市 | G13: 黄焖鸡 | H13: 杨铭宇 | I13: 用进口冻肉_现场脏乱_工人没有隔离工具_砧板发霉
A14: 13 | B14: 江苏江阴的一家黄焖鸡交货小作坊被本地安全部破获。 2020年4月17安全部对这个小作坊作出了查验,发觉自然环境脏乱差,生产加工职工乃至没有穿工作服装,戴手套。 | C14: =LEN(B14) -> 79 | D14: http://zgmuyw.com/xinwen/2238.html | E14: 2020年4月17日 | F14: 江苏江阴 | G14: 黄焖鸡 | I14: 环境脏乱差_工人没穿工服和手套
A15: 14 | B15: 3月15日曝光的插旗菜业，是湖南省华容县较大的蔬菜再加工企业，在收土坑酸菜的地方，工人要么穿着拖鞋，要么光着脚，在酸菜上踩来踩去。抽完的烟头直接扔到酸菜上。 | C15: =LEN(B15) -> 78 | D15: https://m.thepaper.cn/baijiahao_17141260 | E15: 3月15日 | F15: 湖南省华容县 | G15: 酸菜 | H15: 插旗菜业 | I15: 工人在酸菜上踩来踩去_烟头扔酸菜上
A16: 15 | B16: 3月31日，在安徽亳州，有网友爆料称，某酸菜咸菜生产作坊环境较脏，池子里面都是污垢，就连装货的铲车铲子上面都是粪便，引起广泛关注。 | C16: =LEN(B16) -> 67 | D16: https://www.zhihu.com/question/592993617/answer/2969383839?utm_id=0 | E16: 3月13日 | F16: 安徽亳州 | G16: 酸菜_咸菜 | I16: 环境较脏_池子里面污垢_铲车上面粪便
A17: 16 | B17: 据自贡市市场监督管理局7月22日消息，董小姐烤肉饭，现场环境脏、乱、差，物品堆放混乱，厨房油污较重。 | C17: =LEN(B17) -> 50 | D17: https://www.sohu.com/a/479200013_121123883 | E17: 7月22日 | F17: 自贡市 | G17: 烤肉饭 | H17: 董小姐 | I17: 环境脏、乱、差_物品堆放混乱_厨房油污较重
A18: 17 | B18: 7月22日自贡小辣椒盐帮土菜馆,冰箱内生、熟食品混放,易交叉污染；环境卫生脏、乱、差：厨房油污较重，风扇、灭蝇灯上积尘较多，有苍蝇 | C18: =LEN(B18) -> 65 | D18: https://www.sohu.com/a/479200013_121123883 | E18: 2021年7月22日 | F18: 自贡 | H18: 小辣椒盐帮土菜馆 | I18: 交叉污染_环境脏乱差_厨房油污较重_积尘较多_有苍蝇
A19: 18 | B19: 2021年11月26日走进门就看到了满店的油污和血迹。原来这是一家专门做火锅类产品的店，成都市场监管执法人员找到了他们的冷藏柜结果刚打开冷藏柜就闻到了一股恶臭。 | C19: =LEN(B19) -> 80 | D19: https://baijiahao.baidu.com/s?id=1717382090347237958&wfr=spider&for=pc | E19: 2021年11月26日 | F19: 成都 | G19: 火锅 | I19: 油污_血迹_恶臭
A20: 19 | B20: 2022年1月17日一家处于安徽合肥的速食包生产厂家生产的速食包基本上全部用变质肉，卖给外卖商家。工作人员从满是血水的池子里捞排骨粒无一例外全部颜色发白。 | C20: =LEN(B20) -> 79 | D20: https://baijiahao.baidu.com/s?id=1722095888461392546&wfr=spider&for=pc | E20: 2022年1月17日 | F20: 安徽合肥 | G20: 速食包 | I20: 用变质肉_血水池捞排骨粒_排骨粒颜色发白
A21: 20 | B21: 2018年10月21日拍客曝光一家叫做三米粥铺的后厨极其脏乱，粥桶随地乱放，砧板生熟不分且有其他事物残留，小米糕已经发霉长满黑点，炸物使用油颜色已成深色。 | C21: =LEN(B21) -> 77 | D21: https://www.jksb.com.cn/html/supervision/consumer/2018/1021/129874.html | E21: 2018年10月21日 | G21: 粥_小米糕_炸物 | H21: 三米粥铺 | I21: 后厨脏乱_粥桶乱放_砧板生熟不分有残留_
A22: 21 | B22: 2021年08月23日报使用过期食材和隔夜死蟹已经成为北京胖哥俩肉蟹煲的惯例。比如将隔夜的死蟹充当活蟹卖；使用腐烂的土豆、变质的猪蹄和牛骨。 | C22: =LEN(B22) -> 70 | D22: https://baijiahao.baidu.com/s?id=1708860863721011161&wfr=spider&for=pc | E22: 2021年08月23日 | F22: 北京 | G22: 蟹_土豆_猪蹄和牛骨_鸡爪 | H22: 胖哥俩肉蟹煲 | I22: 死蟹充当活蟹_使用腐烂的土豆、变质的猪蹄和牛骨
A23: 22 | B23: 据四川观察报道，2023年9月21日，深圳有家长检查学校配餐公司配置的预制菜，发现环境恶劣，器具发霉，肉散落一地。 | C23: =LEN(B23) -> 58 | D23: https://baijiahao.baidu.com/s?id=1777631313710140484&wfr=spider&for=pc | E23: 2023年9月21日 | F23: 深圳 | G23: 预制菜 | H23: 学校配餐公司 | I23: 环境恶劣_器具发霉_肉散落一地
A24: 23 | B24: 2021年8月16日，台江区林世钦快餐店,发现当事人店内后厨卫生较差，食品原料落地摆放、垃圾桶未加盖、员工无健康证、多名员工未佩戴口罩。 | C24: =LEN(B24) -> 68 | D24: https://baijiahao.baidu.com/s?id=1715320277834267848&wfr=spider&for=pc | E24: 2021年8月16日 | F24: 台江区 | G24: 快餐 | H24: 林世钦快餐店 | I24: 后厨卫生较差_食品原料落地摆放_垃圾桶未加盖
A25: 24 | B25: 2021年8月3日，福州市晋安区燕子坪餐饮店检查发现当事人店内快餐加工区域，现场有苍蝇；原料和成品存放不规范，存在交叉污染；后厨卫生脏乱差； | C25: =LEN(B25) -> 70 | D25: https://baijiahao.baidu.com/s?id=1715320277834267848&wfr=spider&for=pc | E25: 2021年8月3日 | F25: 福州市晋安区 | G25: 快餐 | H25: 燕子坪餐饮店 | I25: 有苍蝇_原料和成品存放不规范_交叉污染_卫生脏乱差
A26: 25 | B26: 2021年3月13日，北京海淀某“网红”奶茶店用烂纸箱装一次性塑料杯和塑封贴，用发黑发软的水果制作饮品,有蝇虫从塑料杯上爬过后，店员直接用这些杯子装奶茶 | C26: =LEN(B26) -> 76 | D26: https://m.thepaper.cn/baijiahao_17847070 | E26: 2021年3月13日 | F26: 北京海淀 | G26: 奶茶 | H26: “网红”奶茶店 | I26: 烂纸箱装塑料杯和塑封贴_发黑发软的水果_有蝇虫
A27: 26 | B27: 2020年5月11日太原一家自助餐厅,老板要求将当天客人未吃完的肉、菜等重新加工，第二天再上架,哪怕肉已经变质发酸，甚至表面已经变黏稠 | C27: =LEN(B27) -> 67 | D27: https://m.thepaper.cn/baijiahao_17847070 | E27: 2020年5月11日 | F27: 太原 | G27: 肉 | H27: 自助餐厅 | I27: 变质发酸_表面已经变黏稠
A28: 27 | B28: 2022年9月28日庆元县冬林小吃店，制作快餐操作台脏乱差、冰柜物品摆放杂乱，厨房环境卫生不整洁，污水四溅，垃圾桶未加盖 | C28: =LEN(B28) -> 60 | D28: https://mp.weixin.qq.com/s?__biz=MjM5NzM3MTk1Mw==&mid=2652609089&idx=3&sn=e680ffdcb8a088a00065db047bbc6dc8&chksm=bd34331f8a43ba093a785049037fecd0b03fb8f8682f734b112f43c94547266be042d5a190e7&scene=27 | E28: 2022年9月28日 | F28: 庆元县 | G28: 快餐 | H28: 冬林小吃店 | I28: 脏乱差_物品摆放杂乱_卫生不整洁_污水四溅_垃圾桶未加盖
A29: 28 | B29: 2021年8月23日工作人员对东昌府区东昌东路“运河黑牛”餐馆进行检查,该店快餐厨房卫生脏乱差的程度严重,食用油未封闭；厨房垃圾桶脏。 | C29: =LEN(B29) -> 67 | D29: https://baijiahao.baidu.com/s?id=1708886290770240324&wfr=spider&for=pc | E29: 2021年8月23日 | F29: 东昌府区东昌东路 | G29: 快餐 | H29: “运河黑牛”餐馆 | I29: 厨房卫生脏乱差_食用油未封闭_垃圾桶脏
A30: 29 | B30: 2022年7月20日无锡市梁溪区一外卖餐厅快餐操作间里的垃圾桶堆满了垃圾，并裸露在外，地面上污水遍地。这样的照片被一名骑手在第一时间发送至外卖骑手联络群中。 | C30: =LEN(B30) -> 78 | D30: https://www.sohu.com/a/672811795_121687424 | E30: 2022年7月20日 | F30: 无锡市梁溪区 | G30: 快餐 | H30: 外卖餐厅 | I30: 垃圾桶堆满垃圾_地面污水遍地
A31: 30 | B31: 2012年9月20日长沙理工大学金盆岭校区的衡阳米粉店，蛋壳等各种废弃餐厨垃圾直接丢在地上，洗碗、洗拖把共用一个水龙头、一个池子。 | C31: =LEN(B31) -> 65 | D31: https://hunan.sina.com.cn/news/m/2012-09-20/114417472.html | E31: 2012年9月20日 | F31: 长沙理工大学金盆岭校区 | G31: 米粉 | H31: 衡阳米粉店 | I31: 废弃餐厨垃圾直接丢在地上_洗碗、洗拖把共用一个水龙头、一个池子
A32: 31 | B32: 2021年10月12日，位于凤冈县龙泉街道开发区满口香包子铺，三防”设施不到位，店内环境卫生差，苍蝇乱飞，从业人员健康证过期未及时办理。 | C32: =LEN(B32) -> 68 | D32: http://www.gzfenggang.gov.cn/jgsz/zfbm/scjgj/zfxxgk/fdzdgknr/spaq/202110/t20211014_70889734.html | E32: 2021年10月12日 | F32: 凤冈县龙泉街道开发区 | G32: 包子 | H32: 满口香包子铺 | I32: 环境卫生差_苍蝇乱飞
A33: 32 | B33: 2021年10月21日，胖孃豆花面肠旺粉，位于凤冈县龙泉街道女人街，从业人员操作时未穿戴整洁的衣帽、未配戴口罩，店内环境卫生差，地面有白色垃圾。 | C33: =LEN(B33) -> 72 | D33: http://www.gzfenggang.gov.cn/jgsz/zfbm/scjgj/zfxxgk/fdzdgknr/spaq/202110/t20211014_70889734.html | E33: 2021年10月12日， | F33: 凤冈县龙泉街道女人街 | G33: 豆花_ | H33: 胖孃豆花面肠旺粉 | I33: 从业人员操作时未穿戴整洁的衣帽、口罩_环境卫生差_有白色垃圾
... A42: 41 | B42: 2021年9月3日，店铺招牌名称：寻味炸酱面，地址：浙江省杭州市西湖区，就餐场所杂物堆积，后厨灶台脏乱，垃圾桶未加盖。 | C42: =LEN(B42) -> 59 | D42: https://mp.weixin.qq.com/s?__biz=MjM5NDExMzgwNw==&mid=2651774658&idx=1&sn=e00657c3223eb6d0fb4e8ea13e1332ba&chksm=bd76cea28a0147b472704f2a1cfd675b81b7913858195193b70049c067b08f4a195b0b73df1f&scene=27 | E42: 2021年9月3日 | F42: 浙江省杭州市西湖区 | G42: 炸酱面 | H42: 寻味炸酱面 | I42: 就餐场所杂物堆积_后厨灶台脏乱_垃圾桶未加盖
A43: 42 | B43: 2022年7月4日，店铺名称：三头一掌 经营地址：浙江省杭州市西湖区，厨房环境卫生不整洁，操作台脏乱，物品摆放混乱无序，垃圾桶未加盖。 | C43: =LEN(B43) -> 67 | D43: https://mp.weixin.qq.com/s?__biz=MjM5NDExMzgwNw==&mid=2651774658&idx=1&sn=e00657c3223eb6d0fb4e8ea13e1332ba&chksm=bd76cea28a0147b472704f2a1cfd675b81b7913858195193b70049c067b08f4a195b0b73df1f&scene=27 | E43: 2022年7月4日 | F43: 浙江省杭州市西湖区 | H43: 三头一掌 | I43: 环境卫生不整洁_操作台脏乱_物品摆放混乱无序_垃圾桶未加盖
A44: 43 | B44: 2021年7月6日，店铺名称：淮南牛肉汤 地址：浙江省杭州市西湖区。上榜理由：店内后厨环境卫生较差，员工未穿戴工作衣帽，食品存储不规范。 | C44: =LEN(B44) -> 70 | D44: https://mp.weixin.qq.com/s?__biz=MjM5NDExMzgwNw==&mid=2651774658&idx=1&sn=e00657c3223eb6d0fb4e8ea13e1332ba&chksm=bd76cea28a0147b472704f2a1cfd675b81b7913858195193b70049c067b08f4a195b0b73df1f&scene=27 | E44: 2021年7月6日 | F44: 浙江省杭州市西湖区 | G44: 牛肉汤 | H44: 淮南牛肉汤 | I44: 后厨环境卫生较差_员工未穿戴工作衣帽_食品存储不规范
A45: 44 | B45: 2020年5月11日，店铺名称：桥头排骨 经营地址：浙江省杭州市西湖区，店内消毒设施未正常使用，油烟机油污严重。 | C45: =LEN(B45) -> 57 | D45: https://mp.weixin.qq.com/s?__biz=MjM5NDExMzgwNw==&mid=2651774658&idx=1&sn=e00657c3223eb6d0fb4e8ea13e1332ba&chksm=bd76cea28a0147b472704f2a1cfd675b81b7913858195193b70049c067b08f4a195b0b73df1f&scene=27 | E45: 2020年5月11日 | F45: 浙江省杭州市西湖区 | G45: 排骨 | H45: 桥头排骨 | I45: 消毒设施未正常使用_油烟机油污严重
A46: 45 | B46: 店铺招牌名称：川湘菜馆 经营地址：浙江省杭州市西湖区转塘街道博美路18号,于2022年9月4日被检查出后厨卫生脏乱，垃圾桶设置不符合要求。 | C46: =LEN(B46) -> 71 | D46: https://mp.weixin.qq.com/s?__biz=MjM5NDExMzgwNw==&mid=2651774658&idx=1&sn=e00657c3223eb6d0fb4e8ea13e1332ba&chksm=bd76cea28a0147b472704f2a1cfd675b81b7913858195193b70049c067b08f4a195b0b73df1f&scene=27 | E46: 2022年9月4日 | F46: 浙江省杭州市西湖区 | H46: 川湘菜馆 | I46: 后厨卫生脏乱_垃圾桶设置
A47: 46 | B47: 名称：杭州市滨江区金诺面馆 地址：滨江区浦沿街道，2023年5月25日被查出 后厨环境脏乱差，操作台上满是油污，地面脏，垃圾桶未加盖，缺少反浪费的宣传。 | C47: =LEN(B47) -> 78 | D47: http://www.hhtz.gov.cn/art/2023/5/25/art_1229506522_4167894.html | E47: 2023年5月25日 | F47: 杭州市滨江区 | G47: 面 | H47: 金诺面馆 | I47: 后厨环境脏乱差_操作台上满是油污_地面脏_垃圾桶未加盖
A48: 47 | B48: 名称： 杭州白金海岸美纪小吃店 地址：长河街道长河路。于2023年5月27日被记录杂物堆积，操作区墙面破损，卫生不合格，垃圾桶未加盖，操作台卫生过于脏乱。 | C48: =LEN(B48) -> 77 | D48: http://www.hhtz.gov.cn/art/2023/5/25/art_1229506522_4167894.html | E48: 2023年5月27日 | F48: 长河街道长河路 | H48: 杭州白金海岸美纪小吃店 | I48: 杂物堆积_操作区墙面破损_卫生不合格_垃圾桶未加盖_卫生过于脏乱
A49: 48 | B49: 营业执照名称：杭州市滨江区漫蜜餐厅 经营烧烤铁锅炖地址：浙江省杭州市 2023年6月30日上黑榜理由：垃圾桶不加盖，后厨脏乱，冰柜内生熟混放。 | C49: =LEN(B49) -> 71 | D49: http://www.hhtz.gov.cn/art/2023/5/25/art_1229506522_4167894.html | E49: 2023年6月30日 | F49: 浙江省杭州市 | G49: 烧烤铁锅炖 | H49: 杭州市滨江区漫蜜餐厅 | I49: 垃圾桶不加盖_后厨脏乱_冰柜内生熟混放
A50: 49 | B50: 经营单位：平凉市崆峒区明星饭店 2023年4月23日上榜理由：该店食品安全管理制度不完善，经营场所环境卫生不整洁，后厨卫生不达标，食品原料摆放混乱。 | C50: =LEN(B50) -> 74 | D50: https://baijiahao.baidu.com/s?id=1773220842308663755&wfr=spider&for=pc | E50: 2023年4月23日 | F50: 平凉市崆峒区 | H50: 明星饭店 | I50: 环境卫生不整洁_食品原料摆放混乱
A51: 50 | B51: 经营单位：平凉市崆峒区旺兴刀削面馆 2023年8月23日上榜理由：该店经营场所环境卫生差，后厨设施设备清洗维护不及时，食品原料、加工用具摆放混乱。 | C51: =LEN(B51) -> 73 | D51: https://baijiahao.baidu.com/s?id=1773220842308663755&wfr=spider&for=pc | E51: 2023年8月23日 | F51: 平凉市崆峒区 | G51: 刀削面 | H51: 旺兴刀削面馆 | I51: 环境卫生差_后厨设施设备清洗维护不及时_食品原料、加工用具摆放混乱
A52: 51 | B52: 经营单位：华亭市小琴早餐店 经营地址：甘肃省平凉市 2023年5月1日上榜理由：店内后厨卫生脏乱差，食品原料未按要求贮存，店内餐饮相关记录未及时填写。 | C52: =LEN(B52) -> 75 | D52: https://baijiahao.baidu.com/s?id=1773220842308663755&wfr=spider&for=pc | E52: 2023年5月1日 | F52: 甘肃省平凉市 | G52: 早餐 | H52: 华亭市小琴早餐店 | I52: 后厨卫生脏乱差_食品原料未按要求贮存
A53: 52 | B53: 泾川县荔堡镇豪缘过桥米线店经营地址：泾川县荔堡镇北关街，2023年8月21日上榜理由：后厨卫生欠干净整洁，加工用具未定期清洁，餐厨垃圾未及时清理。 | C53: =LEN(B53) -> 73 | D53: https://baijiahao.baidu.com/s?id=1773220842308663755&wfr=spider&for=pc | E53: 2023年8月21日 | F53: 泾川县荔堡镇北关街 | G53: 过桥米线 | H53: 豪缘过桥米线店 | I53: 后厨卫生欠干净整洁_加工用具未定期清洁_餐厨垃圾未及时清理
A54: 53 | B54: 经营单位：灵台县沁香餐饮店 2023年7月2日上榜理由：分装的食品原料无标识，未落实“三防”措施。加工场所卫生较差，工用具摆放混乱。 | C54: =LEN(B54) -> 66 | D54: https://baijiahao.baidu.com/s?id=1773220842308663755&wfr=spider&for=pc | E54: 2023年7月2日 | F54: 灵台县 | H54: 沁香餐饮店 | I54: 加工场所卫生较差_工用具摆放混乱
A55: 54 | B55: 经营单位：灵台县李大厨餐饮店 2023年2月6日上榜理由：生产快餐后厨卫生较差，加工用具摆放混乱，食品及原料就地堆放，负责人食品安全意识不强。 | C55: =LEN(B55) -> 71 | D55: https://baijiahao.baidu.com/s?id=1773220842308663755&wfr=spider&for=pc | E55: 2023年2月6日 | F55: 灵台县 | G55: 快餐 | H55: 李大厨餐饮店 | I55: 后厨卫生较差_加工用具摆放混乱_食品及原料就地堆放
A56: 55 | B56: 经营单位：崇信县妈妈的味道餐饮店 2023年9月3日上榜理由：后厨生产快餐卫生脏乱差，置物架物品摆放杂乱未及时清理与食品生产加工无关的物品。 | C56: =LEN(B56) -> 70 | D56: https://baijiahao.baidu.com/s?id=1773220842308663755&wfr=spider&for=pc | E56: 2023年9月3日 | F56: 崇信县 | G56: 快餐 | H56: 妈妈的味道餐饮店 | I56: 卫生脏乱差_置物架物品摆放杂乱未及时清理
A57: 56 | B57: 单位名称：崇信县蜀一蜀二川菜馆2023年7月21日上榜理由：从业人员食品安全意识较差，加工家常菜场所卫生差，加工用设施设备、原料随意摆放。 | C57: =LEN(B57) -> 69 | D57: https://baijiahao.baidu.com/s?id=1773220842308663755&wfr=spider&for=pc | E57: 2023年7月21日 | F57: 崇信县 | G57: 家常菜 | H57: 蜀一蜀二川菜馆 | I57: 场所卫生差_加工用设施设备、原料随意摆放
A58: 57 | B58: 经营单位：甘肃省平凉市静宁县仙人峡大酒店，2023年4月17日被标记餐用具摆放混乱，生产炒菜后厨油污严重。 | C58: =LEN(B58) -> 53 | D58: https://baijiahao.baidu.com/s?id=1773220842308663755&wfr=spider&for=pc | E58: 2023年4月17日 | F58: 甘肃省平凉市静宁县 | G58: 炒菜 | H58: 仙人峡大酒店 | I58: 餐用具摆放混乱_后厨油污严重
A59: 58 | B59: 经营单位：庄浪县杨军军聚福楼酒店 经营地址：南湖镇寺巷路 2023年7月13日被查出凉菜操作间脏、乱、差，食品浪费现象突出。 | C59: =LEN(B59) -> 62 | D59: https://baijiahao.baidu.com/s?id=1773220842308663755&wfr=spider&for=pc | E59: 2023年7月13日 | F59: 南湖镇寺巷路 | G59: 凉菜 | H59: 庄浪县杨军军聚福楼酒店 | I59: 操作间脏、乱、差
A60: 59 | B60: 冷成金小吃店 地址：凤冈县土溪镇 2021年10月12日上榜理由：1.不符合“前厅后厨”要求，未配备加盖垃圾桶；生产凉拌菜后厨脏乱差。 | C60: =LEN(B60) -> 67 | D60: http://www.gzfenggang.gov.cn/jgsz/zfbm/scjgj/zfxxgk/fdzdgknr/spaq/202110/t20211014_70889734.html | E60: 2021年10月12日 | F60: 凤冈县土溪镇 | G60: 凉拌菜 | H60: 冷成金小吃店 | I60: 未配备加盖垃圾桶_后厨脏乱差
A61: 60 | B61: 陆家饭庄，地址：凤冈县王寨镇，2023年4月9日被记录餐饮店卫生条件差，快餐操作间物品摆放混乱，环境卫生差。餐饮店后厨有陈积油污，垃圾桶未加盖处置。 | C61: =LEN(B61) -> 74 | D61: http://www.gzfenggang.gov.cn/jgsz/zfbm/scjgj/zfxxgk/fdzdgknr/spaq/202110/t20211014_70889734.html | E61: 2023年4月9日 | F61: 凤冈县王寨镇 | G61: 快餐 | H61: 陆家饭庄 | I61: 卫生条件差_操作间物品摆放混乱_后厨有陈积油污_垃圾桶未加盖
A62: 61 | B62: 2022年4月21日通报南涧春梅景谷烧烤店位于南涧镇金龙路上榜理由，环境不卫生，店门有大面积油渍污染，餐具不干净、蟑螂孳生，存在食品安全隐患和疾病传播风险。 | C62: 78 | D62: http://www.zgnj.gov.cn/njxrmzf/c105008/202108/98c97d559da646798cd5cdd909a30bff.shtml | E62: 2022年4月21日 | F62: 南涧镇金龙路 | G62: 烧烤 | H62: 南涧春梅景谷烧烤店 | I62: 环境不卫生_店门有大面积油渍污染_餐具不干净、蟑螂孳生
A63: 62 | B63: 2023年5月22日南涧县俞学芬烧烤店地址：南涧镇金龙路垃圾桶未加盖，就餐场所、食品加工区环境脏乱差。食材裸露摆放，食品上有苍蝇。食品原料同私人物品混放。 | C63: 77 | D63: http://www.zgnj.gov.cn/njxrmzf/c105008/202108/98c97d559da646798cd5cdd909a30bff.shtml | E63: 2023年5月22日 | F63: 南涧镇金龙路 | G63: 烧烤 | H63: 俞学芬烧烤店 | I63: 垃圾桶未加盖_就餐场所、食品加工区环境脏乱差_食材裸露摆放_食品上有苍蝇
A64: 63 | B64: 南涧县树喜小吃店地址：南涧镇中兴路 2021年9月13日上榜理由：老鼠、蟑螂、苍蝇可进入厨房，凉菜后厨设置不规范，物品摆放混乱，环境卫生脏乱差。 | C64: 74 | D64: http://www.zgnj.gov.cn/njxrmzf/c105008/202108/98c97d559da646798cd5cdd909a31bff.shtml | E64: 2021年9月13日 | F64: 南涧镇中兴路 | G64: 凉菜 | H64: 南涧县树喜小吃店 | I64: 老鼠、蟑螂、苍蝇可进入厨房_后厨设置不规范_物品摆放混乱_环境卫生脏乱差
A65: 64 | B65: 南涧县城楠早餐店地址：南涧镇涧河社区2022年8月3日上榜理由：周边环境不卫生，门店前摆放扫帚、撮箕等清洁工具，后厨、就餐区、操作间等区域物品摆放混乱。 | C65: 76 | D65: http://www.zgnj.gov.cn/njxrmzf/c105008/202108/98c97d559da646798cd5cdd909a32bff.shtml | E65: 2022年8月3日 | F65: 南涧镇涧河社区 | G65: 早餐 | H65: 南涧县城楠小吃店 | I65: 周边环境不卫生_后厨、就餐区、操作间等区域物品摆放混乱
A66: 65 | B66: 南涧县荣豪小吃店地址：南涧镇振兴南路2021年9月5日上榜理由：凉菜食品仓储摆放脏乱差，有私人物品。后厨油污严重无法清理。 | C66: 63 | D66: http://www.zgnj.gov.cn/njxrmzf/c105008/202108/98c97d559da646798cd5cdd909a33bff.shtml | E66: 2021年9月5日 | F66: 南涧镇振兴南路 | G66: 凉菜 | H66: 荣豪小吃店 | I66: 仓储摆放脏乱差_后厨油污严重无法清理
A67: 66 | B67: 南涧县八哥小吃地址：南涧镇振兴北路，2023年5月11日上榜理由：1、周边环境脏乱差，烧烤就餐场所物品摆放混乱，食材就地存放。墙面未及时清除油污等污渍。 | C67: 76 | D67: http://www.zgnj.gov.cn/njxrmzf/c105008/202108/98c97d559da646798cd5cdd909a34bff.shtml | E67: 2023年5月11日 | F67: 南涧镇振兴北路 | G67: 烧烤 | H67: 八哥小吃 | I67: 周边环境脏乱差_就餐场所物品摆放混乱_食材就地存放_墙面未及时清除油污
A68: 67 | B68: 云南四方街商贸有限公司地址：南涧镇振兴南路2021年7月11日上榜理由：熟食区食品未加盖。餐厨设置不规范，部分食品原料存放就地堆放，垃圾桶未加盖。 | C68: 73 | D68: http://www.zgnj.gov.cn/njxrmzf/c105008/202108/98c97d559da646798cd5cdd909a35bff.shtml | E68: 2021年7月11日 | F68: 南涧镇振兴南路 | G68: 熟食 | H68: 四方街商贸有限公司 | I68: 食品未加盖_部分食品原料存放就地堆放_垃圾桶未加盖
A69: 68 | B69: 南涧县徐维芝油粉摊 地址：南涧镇仁和路2021年8月1日上榜理由摊位物品摆放杂乱，环境脏乱差。周边环境不干净不整洁。 | C69: 58 | D69: http://www.zgnj.gov.cn/njxrmzf/c105008/202108/98c97d559da646798cd5cdd909a36bff.shtml | E69: 2021年8月1日 | F69: 南涧镇仁和路 | G69: 油粉 | H69: 徐维芝油粉摊 | I69: 摊位物品摆放杂乱_环境脏乱差_周边环境不干净不整洁
A70: 69 | B70: 南涧县德顺商务酒店 2020年2月15日地址：南涧县宝华镇 上榜理由：周边环境不卫生，商务餐后厨脏乱差，垃圾桶未加盖，地面有污渍和积水。 | C70: 70 | D70: http://www.zgnj.gov.cn/njxrmzf/c105008/202108/98c97d559da646798cd5cdd909a37bff.shtml | E70: 2020年2月15日 | F70: 南涧县宝华镇 | G70: 商务餐 | H70: 南涧县德顺商务酒店 | I70: 周边环境不卫生_商务餐后厨脏乱差_垃圾桶未加盖_地面有污渍和积水
A71: 70 | B71: 南涧县公郞镇无量山姐妹食堂2021年7月6日，地址：南涧县公郞镇板桥上榜理由：凉菜后厨环境差，操作台面不整洁，抽油烟机和墙面油污未及时清除。 | C71: =LEN([1]事件类型2食品卫生!B71) -> 70 | D71: http://www.zgnj.gov.cn/njxrmzf/c105008/202108/98c97d559da646798cd5cdd909a38bff.shtml | E71: 2021年7月6日 | F71: 南涧县公郞镇 | G71: 凉菜 | H71: 姐妹食堂 | I71: 后厨环境差_操作台面不整洁_抽油烟机和墙面油污未及时清除
A72: 71 | B72: 瓜州县港记叉烧饭，2021年5月5日上榜理由：店内卫生脏乱差、未设置“文明餐桌提示牌”，从业人员无衣帽间,厨房物品摆放混乱,水池混用。 | C72: =LEN([1]事件类型2食品卫生!B72) -> 67 | D72: https://baijiahao.baidu.com/s?id=1770824433775500792&wfr=spider&for=pc | E72: ，2021年5月5日 | F72: 瓜州县 | G72: 叉烧饭 | H72: 港记叉烧饭 | I72: 店内卫生脏乱差_厨房物品摆放混乱_水池混用
A73: 72 | B73: 瓜州县潘氏骨里香卤味小吃服务店 2022年7月6日上榜理由：烤鸡设施设备维护清理不及时，炸鸡油锅未采取防尘防蝇措施，地面油污未及时清理。 | C73: =LEN([1]事件类型2食品卫生!B73) -> 71 | D73: https://baijiahao.baidu.com/s?id=1770824433775500792&wfr=spider&for=pc | E73: 2022年7月6日 | F73: 瓜州县 | G73: 烤鸡_炸鸡 | H73: 瓜州县潘氏骨里香卤味小吃 | I73: 设施设备维护清理不及时_油锅未采取防尘防蝇措施_地面油污未及时清理
A74: 73 | B74: 瓜州县锁阳城镇美味滋餐厅2022年9月2日上榜理由：从业人员无衣帽间，个人物品随意摆放，厨房环境脏乱差，食品原料随意堆放，炒菜操作区油污厚重、水池混用。 | C74: =LEN([1]事件类型2食品卫生!B74) -> 77 | D74: https://baijiahao.baidu.com/s?id=1770824433775500792&wfr=spider&for=pc | E74: 2022年9月2日 | F74: 瓜州县锁阳城镇 | G74: 炒菜 | H74: 美味滋餐厅 | I74: 从业人员无衣帽间，个人物品随意摆放_厨房环境脏乱差_食品原料随意堆放_炒菜操作区油污厚重、水池混用
A75: 74 | B75: 辣上瘾·剁椒拌饭地址：浙江省杭州市钱塘新区，2023年8月4日曝光理由： 垃圾用袋未扎口、部分食材辅料随处放 ,油烟设备外部有油污. | C75: =LEN([1]事件类型2食品卫生!B75) -> 66 | D75: https://mp.weixin.qq.com/s?__biz=MzAxMzA5ODEzNw==&mid=2652740991&idx=2&sn=445894f43a85873354b729d31644170a&chksm=804ef089b739799f0a1b1ae3c242a4a5c2a91116b1ba867b52a32ef9cf80e412cac58f285e13&scene=27 | E75: 2023年8月4日 | F75: 浙江省杭州市钱塘新区 | G75: 剁椒拌饭 | H75: 辣上瘾·剁椒拌饭 | I75: 垃圾用袋未扎口_部分食材辅料随处放_油烟设备外部有油污
A76: 75 | B76: 沙县速食地址: 浙江省杭州大江东产业集聚区2023年1月8日曝光理由：保鲜柜内食物饮料混放、裸放：黄焖鸡制作区油烟设备油污未清理。 | C76: =LEN([1]事件类型2食品卫生!B76) -> 65 | D76: https://mp.weixin.qq.com/s?__biz=MzAxMzA5ODEzNw==&mid=2652740991&idx=2&sn=445894f43a85873354b729d31644170a&chksm=804ef089b739799f0a1b1ae3c242a4a5c2a91116b1ba867b52a32ef9cf80e412cac58f285e13&scene=27 | E76: 2023年1月8日 | F76: 浙江省杭州大江东产业集聚区 | G76: 黄焖鸡 | H76: 沙县速食 | I76: 保鲜柜内食物饮料混放、裸放_黄焖鸡制作区油烟设备油污未清理
A77: 76 | B77: 店铺名称：沙县小吃 地址：浙江省台州市黄岩区2022年4月21日，上榜理由：生产快餐厨房环境脏乱差；油污难以清理。 | C77: =LEN([1]事件类型2食品卫生!B77) -> 57 | D77: https://mp.weixin.qq.com/s?__biz=MjM5ODM4NjcxMQ==&mid=2650908157&idx=1&sn=efacd488863ba412135f412a2a139299&chksm=bd3e88858a4901938c66953cea7a08a881aaccbb5014ae86d12e2e3c8e3d487ff81a22908c9e&scene=27 | E77: 2022年4月21日 | F77: 浙江省台州市黄岩区 | G77: 快餐 | H77: 沙县小吃 | I77: 厨房环境脏乱差_油污难以清理
A78: 77 | B78: 店铺名称：正新鸡排，上线平台：美团、饿了么地址：浙江省台州市黄岩区。2023年4月6日上榜理由：操作区物品摆放凌乱,鸡排与非食品混放，有宠物出入食品操作区。 | C78: =LEN([1]事件类型2食品卫生!B78) -> 78 | D78: https://mp.weixin.qq.com/s?__biz=MjM5ODM4NjcxMQ==&mid=2650908157&idx=1&sn=efacd488863ba412135f412a2a139299&chksm=bd3e88858a4901938c66953cea7a08a881aaccbb5014ae86d12e2e3c8e3d487ff81a22908c9e&scene=27 | E78: 2023年4月6日 | F78: 浙江省台州市黄岩区 | G78: 鸡排 | H78: 正新鸡排 | I78: 操作区物品摆放凌乱_鸡排与非食品混放_有宠物出入食品操作区
A79: 78 | B79: 一炸二拌（炸串拌饼）上线平台：美团、饿了么地址：浙江省台州市黄岩区 2023年8月3日上榜理由：三防设施未到位、后厨卫生脏乱差、消毒设施未使用。 | C79: =LEN([1]事件类型2食品卫生!B79) -> 72 | D79: https://mp.weixin.qq.com/s?__biz=MjM5ODM4NjcxMQ==&mid=2650908157&idx=1&sn=efacd488863ba412135f412a2a139299&chksm=bd3e88858a4901938c66953cea7a08a881aaccbb5014ae86d12e2e3c8e3d487ff81a22908c9e&scene=27 | E79: 2023年8月3日 | F79: 浙江省台州市黄岩区 | G79: 炸串拌饼 | H79: 一炸二拌 | I79: 三防设施未到位_后厨卫生脏乱差_消毒设施未使用
A80: 79 | B80: 名点夜宵，经营地址： 江西省新余市渝水区万商红2022年4月9日上榜理由：炒粉后厨环境卫生差，物品摆放杂乱，墙面及灶台旁污垢多，厨房地漏不合格。 | C80: =LEN([1]事件类型2食品卫生!B80) -> 72 | D80: http://news.sohu.com/a/708958957_121123801 | E80: 2022年4月9日 | F80: 江西省新余市渝水区万商红 | G80: 炒粉 | H80: 名点夜宵 | I80: 后厨环境卫生差_物品摆放杂乱_墙面及灶台旁污垢多_厨房地漏不合格
A81: 80 | B81: 人民饭堂,经营地址：江西省仙女湖区 2022年9月3日上榜理由：快餐后厨环境脏、乱、差、油渍多,三防设施配备不齐全，物品摆放杂乱无序，垃圾桶未带盖。 | C81: =LEN([1]事件类型2食品卫生!B81) -> 74 | D81: http://news.sohu.com/a/708958957_121123801 | E81: 2022年9月3日 | F81: 江西省仙女湖区 | G81: 快餐 | H81: 人民饭堂 | I81: 后厨环境脏、乱、差、油渍多_三防设施配备不齐全_物品摆放杂乱无序_垃圾桶未带盖
A82: 81 | B82: 山东省德城区疯狂烤翅店 2023年4月8日被通报环境卫生差，物品摆放混乱，食品未离地离墙，垃圾桶无盖，操作工具清洁不及时。排烟孔无防蚊蝇设施。 | C82: =LEN([1]事件类型2食品卫生!B82) -> 72 | D82: https://www.sohu.com/a/700149431_121218495 | E82: 2023年4月8日 | F82: 山东省德城区 | G82: 烤翅 | H82: 疯狂烤翅店 | I82: 环境卫生差_物品摆放混乱_食品未离地离墙_垃圾桶无盖_操作工具清洁不及时_排烟孔无防蚊蝇设施
... A111: 110 | B111: 店铺招牌名称：虾妹 经营地址：浙江省杭州市西湖区 2023年9月19日上榜理由：炒虾后厨环境卫生不整洁，物品摆放杂乱无序，食材随地放置；垃圾桶未加盖。 | C111: =LEN([1]事件类型2食品卫生!B111) -> 77 | D111: https://z.hangzhou.com.cn/2015/hzspaqkp/content/2023-09/19/content_8620157.htm | E111: 2023年9月19日 | F111: 浙江省杭州市西湖区 | G111: 炒虾 | H111: 虾妹 | I111: 后厨环境卫生不整洁_物品摆放杂乱_食材随地放置_垃圾桶未加盖
A112: 111 | B112: 店铺名称：梅子姐炒米线（馄饨面条） 地址：浙江省平湖市，2023年9月25日上榜理由：食材随地放置，垃圾桶未盖、垃圾未分类，操作台不整洁，灶台未及时清理 | C112: 76 | D112: https://www.163.com/dy/article/I8DF2O4S0514BE54.html | E112: 2023年9月25日 | F112: 浙江省平湖市 | G112: 馄饨面条 | H112: 梅子姐炒米线 | I112: 食材随地放置_垃圾桶未盖、垃圾未分类_操作台不整洁_灶台未及时清理
A113: 112 | B113: 店铺名称：土家酱香饼 地址：浙江省平湖市，2023年9月19日上榜理由：厨房整体脏乱，操作台摆放凌乱，食品操作工具未保持干净，食材未离地摆放 | C113: 70 | D113: https://www.163.com/dy/article/I8DF2O4S0514BE54.html | E113: 2023年9月19日 | F113: 浙江省平湖市 | G113: 酱香饼 | H113: 土家酱香饼 | I113: 厨房整体脏乱_操作台摆放凌乱_工具未保持干净_食材未离地
A114: 113 | B114: 沙县营养小吃,地址:浙江省平湖市，2023年8月21日上榜理由：快餐厨房整体脏乱，消毒柜未规范使用，操作台物品摆放杂乱，烹饪区油污严重。 | C114: 68 | D114: https://www.163.com/dy/article/I8DF2O4S0514BE54.html | E114: 2023年8月21日 | F114: 浙江省平湖市 | G114: 快餐 | H114: 沙县营养小吃 | I114: 厨房整体脏乱_消毒柜未规范使用_操作台物品摆放杂乱_烹饪区油污严重
A115: 114 | B115: 米悦和煲仔饭,地址：浙江省平湖市 2023年8月25日上榜理由：食材着地堆放，垃圾桶未加盖，消毒柜未规范使用，食材和其他杂物混放 | C115: 64 | D115: https://www.163.com/dy/article/I8DF2O4S0514BE54.html | E115: 2023年8月25日 | F115: 浙江省平湖市 | G115: 煲仔饭 | H115: 米悦和煲仔饭 | I115: 食材着地堆放_垃圾桶未加盖_消毒柜未规范使用_食材和其他杂物混放
A116: 115 | B116: 网店名称:周记卤味,地址:浙江省平湖市2023年7月12日上榜理由：厨房内食材未离地离墙，熟食后厨油污严重难以清理。 | C116: 58 | D116: https://www.163.com/dy/article/I8DF2O4S0514BE54.html | E116: 2023年7月12日 | F116: 浙江省平湖市 | G116: 熟食 | H116: 周记卤味 | I116: 食材未离地_后厨油污严重
A117: 116 | B117: 单位名称：游信义餐饮店，主营：骨头汤，地址：浙江省平湖市，2023年9月18日上榜理由：冰箱内积霜过厚，且生熟未分开，存放杂乱，油烟机油污严重。 | C117: 72 | D117: https://www.163.com/dy/article/I8DF2O4S0514BE54.html | E117: 2023年9月18日 | F117: 浙江省平湖市 | G117: 骨头汤 | H117: 游信义餐饮店 | I117: 冰箱内积霜过厚_生熟未分开_油烟机油污严重
A118: 117 | B118: 店铺名称：大嘴香米线店，单位地址：浙江省平湖市。2023年4月21日上榜理由：防蝇设施未正常使用，店内物品堆放杂乱 | C118: 57 | D118: https://www.163.com/dy/article/I8DF2O4S0514BE54.html | E118: 2023年4月21日 | F118: 浙江省平湖市 | G118: 米线 | H118: 大嘴香米线店 | I118: 防蝇设施未正常使用_物品堆放杂乱
A119: 118 | B119: 名称：香满园家常菜 地址：浙江省平湖市新埭镇。2023年9月28日上榜理由：后厨脏乱差，冰箱内生熟食未分开放置，店内物品随意摆放 | C119: 64 | D119: https://www.163.com/dy/article/I8DF2O4S0514BE54.html | E119: 2023年9月28日 | F119: 浙江省平湖市新埭镇 | G119: 家常菜 | H119: 香满园家常菜 | I119: 后厨脏乱差_冰箱内生熟食未分开_物品随意摆放
A120: 119 | B120: 网店名称：老街好又来小吃店 地址:浙江省平湖市新埭镇。2023年8月30日上榜理由：快餐操作台物品摆放杂乱，卫生较差，冰箱内生熟食未分开放，后厨油烟罩油污密布 | C120: 79 | D120: https://www.163.com/dy/article/I8DF2O4S0514BE54.html | E120: 2023年8月30日 | F120: 浙江省平湖市新埭镇 | G120: 快餐 | H120: 老街好又来小吃店 | I120: 物品摆放杂乱_卫生较差_冰箱内生熟食未分开_后厨油烟罩油污
A121: 120 | B121: 店铺名称：芋家小铺（芋圆水果捞） 单位地址：浙江省平湖市新仓镇 2023年8月27日上榜理由：操作场所无防蚊防蝇设施，原料直接裸放。 | C121: 66 | D121: https://www.163.com/dy/article/I8DF2O4S0514BE54.html | E121: 2023年8月27日 | F121: 浙江省平湖市新仓镇 | G121: 芋圆水果捞 | H121: 芋家小铺 | I121: 操作场所无防蚊防蝇设施_原料直接裸放
A122: 121 | B122: 网店名称：老北京炸酱面 单位地址：平湖市新仓镇建新路550号 2023年8月16日上榜理由：操作人员未戴工帽，厨房环境不佳。 | C122: 62 | D122: https://www.163.com/dy/article/I8DF2O4S0514BE54.html | E122: 2023年8月16日 | F122: 平湖市新仓镇建新路550号 | G122: 炸酱面 | H122: 老北京炸酱面 | I122: 操作人员未戴工帽_厨房环境不佳
A123: 122 | B123: 网店名称：安徽香菜馆 单位地址：浙江省平湖市独山港镇 2023年9月25日上榜理由：生产快餐后厨环境脏乱，食品未离地、摆放凌乱，操作台油污重 | C123: 70 | D123: https://www.163.com/dy/article/I8DF2O4S0514BE54.html | E123: 2023年9月25日 | F123: 浙江省平湖市独山港镇 | G123: 快餐 | H123: 安徽香菜馆 | I123: 后厨环境脏乱_食品未离地、摆放凌乱，操作台油污重
... A142: 141 | B142: 店铺名称：陶玲妹面馆 地址：台州市黄岩区 2023年6月15日上榜理由：1.拉面后厨卫生脏乱差；2.三防设施不到位；3.无分类垃圾桶。 | C142: 67 | D142: https://mp.weixin.qq.com/s?__biz=MjM5ODM4NjcxMQ==&mid=2650902261&idx=1&sn=52b4a6e9111081eadc984beb5247f17a&chksm=bd3ea38d8a492a9b2c3adf5463f817d2570a797a7f8150d30205be708bbc7e32a009b5319545&scene=27 | E142: 2023年6月15日 | F142: 台州市黄岩区 | G142: 拉面 | H142: 陶玲妹面馆 | I142: 后厨卫生脏乱差_三防设施不到位_无分类垃圾桶
A143: 142 | B143: 店铺名称：炸酱面。地址：浙江省台州市新前街道。2023年6月18日上榜理由：1.切面后厨卫生脏乱差；2.三防设施不到位；3.无加盖垃圾桶。 | C143: =LEN([1]事件类型2食品卫生!B143) -> 69 | D143: https://mp.weixin.qq.com/s?__biz=MjM5ODM4NjcxMQ==&mid=2650902261&idx=1&sn=52b4a6e9111081eadc984beb5247f17a&chksm=bd3ea38d8a492a9b2c3adf5463f817d2570a797a7f8150d30205be708bbc7e32a009b5319545&scene=27 | E143: 2023年6月18日 | F143: 江省台州市新前街道 | G143: 切面 | H143: 炸酱面 | I143: 后厨卫生脏乱差_三防设施不到位_无加盖垃圾桶
A144: 143 | B144: 店铺名称：新三味真火。地址：钤山西路。2023年8月16日上榜理由：经营场所环境脏乱差，物品摆放杂乱无序；快餐后厨的墙面地面的油污严重。 | C144: =LEN([1]事件类型2食品卫生!B144) -> 68 | D144: https://mp.weixin.qq.com/s?__biz=MzI3NDA4NDM5Mg==&mid=2651791883&idx=1&sn=683380a6fe78529017378b0ae0b34575&chksm=f0e2e54cc7956c5a9ede3003fb9a512184a6bad99bc0c757af1027622765e8a34ceeb37065b4&scene=27 | E144: 2023年8月16日 | F144: 钤山西路 | G144: 快餐 | H144: 新三味真火 | I144: 环境脏乱差_物品摆放杂乱_快后厨的墙面地面的油污严重
A145: 144 | B145: 店铺名称：波比私房菜。经营地址：分宜县安仁路。2023年8月16日上榜理由：快餐经营场所环境脏乱差，物品摆放杂乱无序；墙面地面的油污严重。 | C145: =LEN([1]事件类型2食品卫生!B145) -> 69 | D145: https://mp.weixin.qq.com/s?__biz=MzI3NDA4NDM5Mg==&mid=2651791883&idx=1&sn=683380a6fe78529017378b0ae0b34575&chksm=f0e2e54cc7956c5a9ede3003fb9a512184a6bad99bc0c757af1027622765e8a34ceeb37065b4&scene=27 | E145: 2023年8月16日 | F145: 分宜县安仁路 | G145: 快餐 | H145: 波比私房菜 | I145: 经营场所环境脏乱差_物品摆放杂乱_墙面地面的油污严重
A146: 145 | B146: 店铺名称：谷酒小作坊。经营地址：分宜县昌山路。2023年8月16日上榜理由：米酒经营场所环境脏乱差，物品摆放杂乱无序；墙面地面严重脏乱。 | C146: =LEN([1]事件类型2食品卫生!B146) -> 68 | D146: https://mp.weixin.qq.com/s?__biz=MzI3NDA4NDM5Mg==&mid=2651791883&idx=1&sn=683380a6fe78529017378b0ae0b34575&chksm=f0e2e54cc7956c5a9ede3003fb9a512184a6bad99bc0c757af1027622765e8a34ceeb37065b4&scene=27 | E146: 2023年8月16日 | F146: 分宜县昌山路 | G146: 米酒 | H146: 谷酒小作坊 | I146: 环境脏乱差_物品摆放杂乱_墙面地面严重脏乱
A147: 146 | B147: 店铺名称：辣的过瘾餐饮店。经营地址：分宜县新村村。2023年8月16日上榜理由：快餐经营场所环境脏乱差，物品摆放杂乱无序；墙面地面的油污严重。 | C147: =LEN([1]事件类型2食品卫生!B147) -> 71 | D147: https://mp.weixin.qq.com/s?__biz=MzI3NDA4NDM5Mg==&mid=2651791883&idx=1&sn=683380a6fe78529017378b0ae0b34575&chksm=f0e2e54cc7956c5a9ede3003fb9a512184a6bad99bc0c757af1027622765e8a34ceeb37065b4&scene=27 | E147: 2023年8月16日 | F147: 分宜县新村村 | G147: 快餐 | H147: 辣的过瘾餐饮店 | I147: 经营场所环境脏乱差_物品摆放杂乱_墙面地面的油污严重
A148: 147 | B148: 营业执照名称：龙港市雅客居饭庄 地址：龙港市龙翔路 2023年8月10日上榜理由：冰箱成品半成品混放；油烟机油污严重，长时间未清洁；快餐灶台脏污未清洁。 | C148: =LEN([1]事件类型2食品卫生!B148) -> 76 | D148: http://society.sohu.com/a/710644272_121123838 | E148: 2023年8月10日 | F148: 龙港市龙翔路 | G148: 快餐 | H148: 龙港市雅客居饭庄 | I148: 油烟机油污严重_快餐灶台脏污
A149: 148 | B149: 营业执照名称：阿彪排档 地址：龙港市海港路 2023年8月10日上榜理由：盖浇饭后厨环境脏乱；冰箱内结霜严重；冰箱内原材料未施加防护措施且积水长期未清理结冰； | C149: =LEN([1]事件类型2食品卫生!B149) -> 79 | D149: http://society.sohu.com/a/710644272_121123838 | E149: 2023年8月10日 | F149: 龙港市海港路 | G149: 盖浇饭 | H149: 阿彪排档 | I149: 冰箱内结霜严重_冰箱内原材料未施加防护措施
A150: 149 | B150: 营业执照名称：鱼劲道烤鱼店 地址：龙港市东新街 2023年8月10日上榜理由：油烟机及烤箱油污严重；冰箱内长期未清理，调味料容器未加盖且污染严重。 | C150: =LEN([1]事件类型2食品卫生!B150) -> 73 | D150: http://society.sohu.com/a/710644272_121123838 | E150: 2023年8月10日 | F150: 龙港市东新街 | G150: 烤鱼 | H150: 鱼劲道烤鱼店 | I150: 油烟机及烤箱油污严重
A151: 150 | B151: 营业执照名称：龙港市小剑饭店 地址：龙港市南城路。2023年8月10日上榜理由：油烟机油污严重，长时间未清洁；后厨墙面发霉生锈。快餐后厨餐厨废弃物容器未加盖。 | C151: =LEN([1]事件类型2食品卫生!B151) -> 79 | D151: http://society.sohu.com/a/710644272_121123838 | E151: 2023年8月10日 | F151: 龙港市南城路 | G151: 快餐 | H151: 龙港市小剑饭店 | I151: 油烟机油污严重_后厨墙面发霉生锈
A152: 151 | B152: 店铺名称：爱秀饭店 地址：龙港市仓前小区 2023年8月10日上榜理由：冰箱内结霜严重；快餐后厨餐厨废弃物容器未加盖；灶台周围油污严重长期未清洁；后厨油污严重。 | C152: =LEN([1]事件类型2食品卫生!B152) -> 80 | D152: http://society.sohu.com/a/710644272_121123838 | E152: 2023年8月10日 | F152: 龙港市仓前小区 | G152: 快餐 | H152: 爱秀饭店 | I152: 灶台周围油污严重_后厨油污严重
A153: 152 | B153: 店铺名称：方彦饭店 地址：龙港市站前路 2023年8月10日上榜理由：水煮鱼调味料容器未加盖且污染严重；灶台周围油污严重长期未清洁；后厨餐厨废弃物容器未加盖。 | C153: =LEN([1]事件类型2食品卫生!B153) -> 81 | D153: http://society.sohu.com/a/710644272_121123838 | E153: 2023年8月10日 | F153: 龙港市站前路 | G153: 水煮鱼 | H153: 方彦饭店 | I153: 调味料容器未加盖且污染严重_灶台周围油污严重
A154: 153 | B154: 店铺名称：侯玲玲饭店 地址：龙港市站前路 2023年8月10日上榜理由：餐具、食品、杂物乱堆放；食品未离地离墙存放；后厨地锅鸡加工场所长时间未清洗，油污污染严重。 | C154: =LEN([1]事件类型2食品卫生!B154) -> 81 | D154: http://society.sohu.com/a/710644272_121123838 | E154: 2023年8月10日 | F154: 龙港市站前路 | G154: 地锅鸡 | H154: 侯玲玲饭店 | I154: 加工场所长时间未清洗_油污污染严重
...
